ID,FirstName,LastName,Salary
1,John,Doe,50000.000000
2,Jane,Smith,60000.000000
3,Robert,Johnson,55000.000000
4,Emily,Brown,52000.000000
5,Michael,Williams,58000.000000
6,Susan,Clark,53000.000000
7,David,Anderson,65000.000000
8,Linda,Miller,62000.000000
9,William,Jones,57000.000000
10,Karen,White,59000.000000
11,Truong,Lam,2524.000000
12,Truong,Lam,2254.000000
